detector,band_number,wavelength_nm,fwhm_nm
VNIR,1,418.416,6.99561
VNIR,2,424.043,6.6675
VNIR,3,429.457,6.42408
VNIR,4,434.686,6.25124
VNIR,5,439.758,6.13485
VNIR,6,444.699,6.06076
VNIR,7,449.539,6.01486
VNIR,8,454.306,5.98302
VNIR,9,459.031,5.95232
VNIR,10,463.73,5.9199
VNIR,11,468.411,5.88775
VNIR,12,473.08,5.8579
VNIR,13,477.744,5.83239
VNIR,14,482.411,5.81325
VNIR,15,487.087,5.8025
VNIR,16,491.78,5.8022
VNIR,17,496.497,5.81407
VNIR,18,501.243,5.83751
VNIR,19,506.02,5.87076
VNIR,20,510.829,5.91208
VNIR,21,515.672,5.95969
VNIR,22,520.551,6.01183
VNIR,23,525.467,6.06674
VNIR,24,530.424,6.12279
VNIR,25,535.422,6.1794
VNIR,26,540.463,6.23648
VNIR,27,545.551,6.29397
VNIR,28,550.687,6.35179
VNIR,29,555.873,6.40987
VNIR,30,561.112,6.46815
VNIR,31,566.405,6.52654
VNIR,32,571.756,6.58497
VNIR,33,577.166,6.64338
VNIR,34,582.636,6.70177
VNIR,35,588.171,6.76072
VNIR,36,593.773,6.82113
VNIR,37,599.446,6.88388
VNIR,38,605.193,6.94987
VNIR,39,611.017,7.01999
VNIR,40,616.923,7.09511
VNIR,41,622.921,7.17533
VNIR,42,628.987,7.25495
VNIR,43,635.112,7.33145
VNIR,44,641.294,7.40537
VNIR,45,647.537,7.47729
VNIR,46,653.841,7.54777
VNIR,47,660.207,7.61738
VNIR,48,666.637,7.68669
VNIR,49,673.131,7.75628
VNIR,50,679.691,7.8267
VNIR,51,686.319,7.89853
VNIR,52,693.014,7.97235
VNIR,53,699.78,8.04871
VNIR,54,706.617,8.1281
VNIR,55,713.524,8.2102
VNIR,56,720.501,8.29433
VNIR,57,727.545,8.3798
VNIR,58,734.654,8.46592
VNIR,59,741.826,8.552
VNIR,60,749.06,8.63735
VNIR,61,756.353,8.72128
VNIR,62,763.703,8.80311
VNIR,63,771.108,8.88214
VNIR,64,778.567,8.95779
VNIR,65,786.078,9.03034
VNIR,66,793.639,9.1005
VNIR,67,801.249,9.16897
VNIR,68,808.905,9.23646
VNIR,69,816.608,9.30368
VNIR,70,824.355,9.37133
VNIR,71,832.145,9.44012
VNIR,72,839.976,9.51076
VNIR,73,847.847,9.58396
VNIR,74,855.757,9.66032
VNIR,75,863.703,9.73971
VNIR,76,871.683,9.82161
VNIR,77,879.693,9.90551
VNIR,78,887.729,9.99089
VNIR,79,895.789,10.0772
VNIR,80,903.87,10.164
VNIR,81,911.968,10.2508
VNIR,82,920.081,10.3369
VNIR,83,928.204,10.422
VNIR,84,936.335,10.5054
VNIR,85,944.47,10.5862
VNIR,86,952.608,10.6589
VNIR,87,960.748,10.716
VNIR,88,968.892,10.75
VNIR,89,977.037,10.7533
VNIR,90,985.186,10.7183
VNIR,91,993.338,10.6375
SWIR,1,901.961,9.17725
SWIR,2,911.571,9.31901
SWIR,3,921.32,9.45441
SWIR,4,931.203,9.58399
SWIR,5,941.218,9.7083
SWIR,6,951.36,9.82789
SWIR,7,961.628,9.94331
SWIR,8,972.016,10.0551
SWIR,9,982.523,10.1638
SWIR,10,993.144,10.27
SWIR,11,1003.88,10.3742
SWIR,12,1014.72,10.4768
SWIR,13,1025.66,10.5775
SWIR,14,1036.7,10.6753
SWIR,15,1047.84,10.769
SWIR,16,1059.07,10.8578
SWIR,17,1070.39,10.9405
SWIR,18,1081.78,11.0162
SWIR,19,1093.26,11.0839
SWIR,20,1104.81,11.1437
SWIR,21,1116.43,11.196
SWIR,22,1128.1,11.2414
SWIR,23,1139.84,11.2806
SWIR,24,1151.62,11.3139
SWIR,25,1163.44,11.3421
SWIR,26,1175.3,11.3656
SWIR,27,1187.2,11.385
SWIR,28,1199.11,11.4009
SWIR,29,1211.05,11.4135
SWIR,30,1223.0,11.4229
SWIR,31,1234.97,11.4292
SWIR,32,1246.94,11.4325
SWIR,33,1258.93,11.4329
SWIR,34,1270.92,11.4305
SWIR,35,1282.92,11.4253
SWIR,36,1294.91,11.4176
SWIR,37,1306.9,11.4073
SWIR,38,1318.88,11.3946
SWIR,39,1330.85,11.3796
SWIR,40,1342.82,11.3624
SWIR,41,1354.76,11.343
SWIR,42,1366.69,11.3215
SWIR,43,1378.6,11.2981
SWIR,44,1390.48,11.2728
SWIR,45,1461.1,11.0876
SWIR,46,1472.74,11.052
SWIR,47,1484.34,11.0151
SWIR,48,1495.89,10.9772
SWIR,49,1507.4,10.9383
SWIR,50,1518.87,10.8984
SWIR,51,1530.29,10.8577
SWIR,52,1541.67,10.8161
SWIR,53,1553.01,10.7738
SWIR,54,1564.3,10.7308
SWIR,55,1575.55,10.6872
SWIR,56,1586.76,10.643
SWIR,57,1597.91,10.5985
SWIR,58,1609.02,10.5535
SWIR,59,1620.09,10.5082
SWIR,60,1631.11,10.4626
SWIR,61,1642.07,10.4169
SWIR,62,1653.0,10.371
SWIR,63,1663.87,10.3251
SWIR,64,1674.7,10.2793
SWIR,65,1685.47,10.2335
SWIR,66,1696.2,10.1879
SWIR,67,1706.87,10.1425
SWIR,68,1717.5,10.0974
SWIR,69,1728.08,10.0525
SWIR,70,1738.6,10.0079
SWIR,71,1749.08,9.96359
SWIR,72,1759.51,9.91949
SWIR,73,1939.14,9.16572
SWIR,74,1948.69,9.12592
SWIR,75,1958.2,9.08633
SWIR,76,1967.66,9.04694
SWIR,77,1977.08,9.00775
SWIR,78,1986.45,8.96875
SWIR,79,1995.79,8.92995
SWIR,80,2005.08,8.89134
SWIR,81,2014.33,8.85292
SWIR,82,2023.54,8.81469
SWIR,83,2032.7,8.77665
SWIR,84,2041.83,8.73878
SWIR,85,2050.92,8.70111
SWIR,86,2059.96,8.66361
SWIR,87,2068.97,8.62632
SWIR,88,2077.93,8.58923
SWIR,89,2086.86,8.55236
SWIR,90,2095.74,8.51572
SWIR,91,2104.59,8.47932
SWIR,92,2113.4,8.44317
SWIR,93,2122.17,8.40728
SWIR,94,2130.9,8.37166
SWIR,95,2139.6,8.33632
SWIR,96,2148.26,8.30128
SWIR,97,2156.88,8.26653
SWIR,98,2165.47,8.2321
SWIR,99,2174.02,8.198
SWIR,100,2182.53,8.16422
SWIR,101,2191.01,8.13079
SWIR,102,2199.45,8.09771
SWIR,103,2207.86,8.065
SWIR,104,2216.24,8.03267
SWIR,105,2224.58,8.00072
SWIR,106,2232.89,7.96916
SWIR,107,2241.16,7.93802
SWIR,108,2249.4,7.90728
SWIR,109,2257.61,7.87694
SWIR,110,2265.79,7.84695
SWIR,111,2273.93,7.81727
SWIR,112,2282.04,7.78785
SWIR,113,2290.12,7.75866
SWIR,114,2298.17,7.72966
SWIR,115,2306.19,7.70079
SWIR,116,2314.17,7.67203
SWIR,117,2322.13,7.64333
SWIR,118,2330.05,7.61464
SWIR,119,2337.94,7.58593
SWIR,120,2345.81,7.55715
SWIR,121,2353.64,7.52827
SWIR,122,2361.44,7.49924
SWIR,123,2369.21,7.47001
SWIR,124,2376.95,7.44055
SWIR,125,2384.66,7.41082
SWIR,126,2392.34,7.38077
SWIR,127,2400.0,7.35037
SWIR,128,2407.62,7.31957
SWIR,129,2415.21,7.28832
SWIR,130,2422.78,7.25659
SWIR,131,2430.32,7.22434
SWIR,132,2437.82,7.19152
SWIR,133,2445.3,7.1581
